{"v":"5.3.3","fr":25,"ip":0,"op":25,"w":1000,"h":1000,"nm":"弹窗","ddd":0,"assets":[{"id":"image_0","w":1000,"h":1000,"u":"images/","p":"img_0.png","e":0},{"id":"image_1","w":1000,"h":1000,"u":"images/","p":"img_1.png","e":0}],"layers":[{"ddd":0,"ind":6,"ty":2,"nm":"星星1.png","cl":"png","refId":"image_0","sr":1,"ks":{"o":{"a":0,"k":100,"ix":11},"r":{"a":0,"k":0,"ix":10},"p":{"a":0,"k":[500,500,0],"ix":2},"a":{"a":0,"k":[500,500,0],"ix":1},"s":{"a":0,"k":[100,100,100],"ix":6}},"ao":0,"hasMask":true,"masksProperties":[{"inv":false,"mode":"a","pt":{"a":1,"k":[{"i":{"x":0.833,"y":0.833},"o":{"x":0.167,"y":0.167},"n":"0p833_0p833_0p167_0p167","t":13,"s":[{"i":[[0,0],[0,0],[0,0],[0,0]],"o":[[0,0],[0,0],[0,0],[0,0]],"v":[[306.273,307.73],[-140.363,307.73],[-140,484.461],[306.637,484.461]],"c":true}],"e":[{"i":[[0,0],[0,0],[0,0],[0,0]],"o":[[0,0],[0,0],[0,0],[0,0]],"v":[[723.273,308],[276.637,308],[277,484.73],[723.637,484.73]],"c":true}]},{"t":21}],"ix":1},"o":{"a":0,"k":100,"ix":3},"x":{"a":0,"k":0,"ix":4},"nm":"蒙版 1"}],"ip":0,"op":125,"st":0,"bm":0},{"ddd":0,"ind":7,"ty":2,"nm":"星星2.png","cl":"png","refId":"image_1","sr":1,"ks":{"o":{"a":1,"k":[{"i":{"x":[0.833],"y":[0.833]},"o":{"x":[0.167],"y":[0.167]},"n":["0p833_0p833_0p167_0p167"],"t":9,"s":[0],"e":[100]},{"t":13}],"ix":11},"r":{"a":0,"k":0,"ix":10},"p":{"a":0,"k":[500,500,0],"ix":2},"a":{"a":0,"k":[500,500,0],"ix":1},"s":{"a":0,"k":[100,100,100],"ix":6}},"ao":0,"ip":0,"op":125,"st":0,"bm":0}],"markers":[]}