{"v":"5.3.4","fr":25,"ip":0,"op":50,"w":200,"h":26,"nm":"“开关”右边最终合成","ddd":0,"assets":[{"id":"image_0","w":185,"h":20,"u":"images/","p":"img_0.png","e":0},{"id":"image_1","w":115,"h":26,"u":"images/","p":"img_1.png","e":0},{"id":"image_2","w":102,"h":26,"u":"images/","p":"img_2.png","e":0},{"id":"image_3","w":200,"h":26,"u":"images/","p":"img_3.png","e":0},{"id":"comp_0","layers":[{"ddd":0,"ind":1,"ty":2,"nm":"深色.png","cl":"png","td":1,"refId":"image_0","sr":1,"ks":{"o":{"a":0,"k":100,"ix":11},"r":{"a":0,"k":0,"ix":10},"p":{"a":0,"k":[100,13,0],"ix":2},"a":{"a":0,"k":[92.5,10,0],"ix":1},"s":{"a":0,"k":[100,100,100],"ix":6}},"ao":0,"ip":0,"op":50,"st":0,"bm":0},{"ddd":0,"ind":2,"ty":2,"nm":"形状 738.png","cl":"png","tt":1,"refId":"image_1","sr":1,"ks":{"o":{"a":0,"k":100,"ix":11},"r":{"a":0,"k":0,"ix":10},"p":{"a":1,"k":[{"i":{"x":0.667,"y":1},"o":{"x":0.333,"y":0},"n":"0p667_1_0p333_0","t":0,"s":[57.5,13,0],"e":[-51.5,13,0],"to":[-12.9248361587524,0,0],"ti":[4.26327323913574,0,0]},{"i":{"x":0.667,"y":1},"o":{"x":0.167,"y":0},"n":"0p667_1_0p167_0","t":10,"s":[-51.5,13,0],"e":[-51.5,13,0],"to":[-13.3333330154419,0,0],"ti":[4.26327323913574,0,0]},{"i":{"x":0.833,"y":1},"o":{"x":0.167,"y":0},"n":"0p833_1_0p167_0","t":15,"s":[-51.5,13,0],"e":[57.5,13,0],"to":[-13.3333330154419,0,0],"ti":[9.7835578918457,0,0]},{"t":24}],"ix":2},"a":{"a":0,"k":[57.5,13,0],"ix":1},"s":{"a":0,"k":[100,100,100],"ix":6}},"ao":0,"ip":0,"op":50,"st":0,"bm":0},{"ddd":0,"ind":3,"ty":2,"nm":"深色.png","cl":"png","td":1,"refId":"image_0","sr":1,"ks":{"o":{"a":0,"k":100,"ix":11},"r":{"a":0,"k":0,"ix":10},"p":{"a":0,"k":[100,13,0],"ix":2},"a":{"a":0,"k":[92.5,10,0],"ix":1},"s":{"a":0,"k":[100,100,100],"ix":6}},"ao":0,"ip":0,"op":50,"st":0,"bm":0},{"ddd":0,"ind":4,"ty":2,"nm":"形状 739.png","cl":"png","tt":1,"refId":"image_2","sr":1,"ks":{"o":{"a":0,"k":100,"ix":11},"r":{"a":0,"k":0,"ix":10},"p":{"a":1,"k":[{"i":{"x":0.667,"y":1},"o":{"x":0.333,"y":0},"n":"0p667_1_0p333_0","t":0,"s":[149.25,13,0],"e":[246.25,13,0],"to":[10.4229907989502,0,0],"ti":[-3.52263712882996,0,0]},{"i":{"x":0.667,"y":1},"o":{"x":0.167,"y":0},"n":"0p667_1_0p167_0","t":10,"s":[246.25,13,0],"e":[246.25,13,0],"to":[11,0,0],"ti":[-3.52263712882996,0,0]},{"i":{"x":0.833,"y":1},"o":{"x":0.167,"y":0},"n":"0p833_1_0p167_0","t":15,"s":[246.25,13,0],"e":[149.25,13,0],"to":[11,0,0],"ti":[-10.3340826034546,0,0]},{"t":24}],"ix":2},"a":{"a":0,"k":[51,13,0],"ix":1},"s":{"a":0,"k":[100,100,100],"ix":6}},"ao":0,"ip":0,"op":50,"st":0,"bm":0},{"ddd":0,"ind":5,"ty":2,"nm":"深色.png","cl":"png","refId":"image_0","sr":1,"ks":{"o":{"a":0,"k":100,"ix":11},"r":{"a":0,"k":0,"ix":10},"p":{"a":0,"k":[100,13,0],"ix":2},"a":{"a":0,"k":[92.5,10,0],"ix":1},"s":{"a":0,"k":[100,100,100],"ix":6}},"ao":0,"ip":0,"op":50,"st":0,"bm":0},{"ddd":0,"ind":6,"ty":2,"nm":"底色.png","cl":"png","refId":"image_3","sr":1,"ks":{"o":{"a":0,"k":100,"ix":11},"r":{"a":0,"k":0,"ix":10},"p":{"a":0,"k":[100,13,0],"ix":2},"a":{"a":0,"k":[100,13,0],"ix":1},"s":{"a":0,"k":[100,100,100],"ix":6}},"ao":0,"ip":0,"op":50,"st":0,"bm":0}]}],"layers":[{"ddd":0,"ind":1,"ty":0,"nm":"“开关”左边最终合成","refId":"comp_0","sr":1,"ks":{"o":{"a":0,"k":100,"ix":11},"r":{"a":0,"k":0,"ix":10},"p":{"a":0,"k":[100,13,0],"ix":2},"a":{"a":0,"k":[100,13,0],"ix":1},"s":{"a":0,"k":[-100,100,100],"ix":6}},"ao":0,"w":200,"h":26,"ip":0,"op":50,"st":0,"bm":0}],"markers":[]}